{"cameraMode":{"drawMode":0,"name":"Shaded","section":"Shading Mode"},"sceneLighting":true,"audioPlay":false,"sceneViewState":{"showFog":true,"showMaterialUpdate":false,"showSkybox":true,"showFlares":true,"showImageEffects":true,"showParticleSystems":true},"in2DMode":false,"pivot":{"x":607.6441040039063,"y":443.691650390625,"z":10.26527214050293},"rotation":{"x":-0.004809684120118618,"y":-0.0039028748869895937,"z":0.000018652068320079707,"w":-0.9999796748161316},"size":1348.244384765625,"orthographic":false}